{
    "accuracy": 0.9354838709677419,
    "precision": 0.9895833333333334,
    "recall": 0.8796296296296297,
    "auc": 0.9799524294937139
}